sample,subset
cl2otcyuc02nu0za41057agti,train
cl5765j577iqs07zuckot0rlj,train
cl5zmi8fimpxp08ysfn5g8pfs,train
cl70sy8sj0vrg07zf6qn0cfvc,train
cl262x8ko5xdp0zau9gsq3s2n,train
cl723gmk442l6070r13w57wnb,train
cl4rb42h4111z079ggq6w5ibg,train
cl7g85p8r5v5407yl6drj1yqi,train
cl3k322uxcscx0886bax97fxy,train
cl2rbd0ff150j077zgj7t3glh,train
cl3t4y439ee0t076mdcp562o3,train
cl60651s6wb5h0704gzls0i9z,train
cl4a0y20b793m087s4hxihsx6,train
cl2alqhj307rk0zak8tahc2lr,train
cl3wnwo6s0nah08ald2scdo4p,train
cl4r7cvtp0cpu089se0trda04,train
cl76a4b4i00dt07wd8by6dgos,train
cl6bkdik4dn0d08075mpm0rgu,train
cl6dxddm70x0g07xca3qmgui5,train
cl4780rw70bbv079yaonrba8p,train
cl6bk2o1rcmk508zjhkmzbzct,train
cl4hlktv41gsh0892a9wnbub6,train
cl2m18vwfbr900z9odan1g1fn,train
cl74qkbag2iu20709hgc7gkot,train
cl5rhwtpb3r9s082s3aao8p69,train
cl5rfope6247e074ae112gr3b,train
cl79jr7pq1lbc070i9o7n5hl1,train
cl7cf53qecr0807yr0jcs6xtx,train
cl6o2oa391r8908z7hfd4578h,train
cl49xsxo870dr079dgte06tg7,train
cl2x813vxjjqa07aeg8ah72un,train
cl4bd3muxg9f50765h7ujcv0s,train
cl609i33ka1cw08zi4jgwf40y,train
cl5zmbta7macq091m76gbdndu,train
cl70ua4a11fp908y95d1kdq3w,train
cl72p923jcldd070jfs1o69rb,train
cl1w4z4ri3qm90zbi76djbtte,train
cl79lnqv31t7a07wkfh1tbghc,train
cl4rbq8kj13u6079j3iry3g18,train
cl2624x2m5sgl0zauhf4de3jn,train
cl1ux5u3v0idi0z8i3run5xp5,train
cl6v8oivv102x07u99zathbuv,train
cl3roqrs0z4ic086g0urmd692,train
cl1uxf4f90l1h0z85awts3xis,train
cl477fgga06si07819n4l0ocg,train
cl3rlqy1byvrh077qd1c0ahs1,train
cl477a6up04nm0792gstwbh76,train
cl61ngugqgghf091m49mp4t12,train
cl6fdi90f1bvm07xzeyxy0xtm,train
cl41lsqzg6tlk087q2lvxf4zc,train
cl6blrqxgec3c08zj8s8t6fus,train
cl62uzztc44tg07x40yznf6i0,train
cl72pfxgjayb8073waxau6zwt,train
cl4wtro6i5q5607053eow5g0v,train
cl4ww6i1u02lt0808b8s7grwk,train
cl6tvyb8699sr072wgmpu99lu,train
cl7dnb7wel5um071e6bui46ud,train
cl6wbybl00ys107u66woq8ild,train
cl79knk0b1n8r09y7ekt41wnt,train
cl66y2hs507c207xphjd63umt,train
cl1tg4kjb47e40zcca83c8hft,train
cl74vtsjm2p3g082t3t5ch27o,train
cl2ra5gw4061b079a44co176q,train
cl722k47q3ujl070l5tckgbgy,train
cl42whh6mh7bq076k6f306asg,train
cl4lhyxei9cl2084sbci07goq,train
cl66xhhhp04ti081s9gxk1hbp,train
cl250b8898snn0z9e3q8i6cx5,train
cl6nyom8v11xc070vbw8p0wyl,train
cl4hj22ck17nq077xhfi3g02v,train
cl3w28gda06mc079reyhtea1f,train
cl76afsaa01tt07up5ji12oxm,train
cl607hlolx3bz07zr9f7708vx,train
cl1tf2pnk46ps0zccdbtc6gj1,train
cl70v0t8j1sxx08z7021fg332,train
cl3w1ksh404yp087z3kpvfa0l,train
cl490io4v1zmx07bj9ncdal0z,train
cl3ro473dxse5076m3xxk8gj0,train
cl264lwmj64e20z8y6a3t5bv2,train
cl1thfa1h48c30zcc371ffj2r,train
cl1w42gpt3kb110b1e8xf3hx3,train
cl3k4y7o8duj2076ufk73780n,train
cl1w4oxr93pgp0zbi7tkl0ev8,train
cl6bl9wdhe89908zjh0gt7awv,train
cl4r8p4ez0lyq077kegeufh22,train
cl607v9lz9n1y08zi12p5evrm,train
cl4hl0vjq2orj0767bwx7biep,train
cl3rlyaixyw1j077q7s0of6ob,train
cl281tlgo6fc30z89grr7eh2r,train
cl5b2p2bq0wwc07045bb585ab,train
cl3q01r5wkwyu074dcx138m69,train
cl65gw4ei084a08uue3qc2tcz,train
cl4hhxn8722fy087y0740a2a8,train
cl66zbkco0ci007yj4ltfed4o,train
cl4a08dao7nhf07bj67w5bd0v,train
cl5zlwnwjm5mg07zp6g5a24my,train
cl44e9a7n0chg08a9f1gigq0s,train
cl670tqx30h79071key6z7q9l,train
cl65ie6kq0h0z07ve6z3y8nvb,train
cl48xsysq18ic087s2c14fyu6,train
cl5zz0db7lczu07y00y914p5k,train
cl48y7owb1od0079ocqtf4dlw,train
cl4a09swi7ctd079i8n7m962m,train
cl4x166bj0nj107wka6kk7gj2,train
cl5rf5arc374k082s60g6epsd,train
cl2x7iwgo6k7u079z46mlelf2,train
cl61nrvwphl0308ysgzsb7rf4,train
cl3sscz0424y8073t70c38dz8,train
cl4lh5s0e9xxy0763ffhnbjxw,train
cl74t2q0n34q40709h56ig88h,train
cl1tfjfdd49lr10ep90odbxd9,train
cl42vx0y3h4xd076k62q4cg4f,train
cl262c9zr02ho107b4waceqy1,train
cl2otndj503hi10a9a4j1hr45,train
cl6058kzdvc840704fvzpcyrt,train
cl61kmfcb62p308044l5fexaj,train
cl61k2m9s9bfr0718gt2ea9io,train
cl6p7d1j177vn075nal711lr4,train
cl2x9oh3uwd2507bq6dpq2x2i,train
cl1uw2gav0bhr104z1zoedkbv,train
cl70sbnha0ppp07zp61ia8xn9,train
cl2osvgn300d60z83fisi97wx,train
cl6fcn3nv150s08yb47v574z7,train
cl298j30y0pc40zd20324e0gm,train
cl2oqxzg4ecy60zat96tx5odc,train
cl4792sxu0i3m07687zlu2rnn,train
cl4w13y3w53we07ybhlhzaaa6,train
cl1w595mw0ybx0z9s0n8ogp64,train
cl3k52i1y02fm0761hqka45dv,train
cl7djpoe4llh7081k4fe1he0q,train
cl3rnq4lly778073gdcddaopt,train
cl4wzlx0u0d7z07xfglhugj6j,train
cl722cbpz40hw070jfctqeynn,train
cl4pfqkk733sn084w2zt98l26,train
cl6dxm8ny0x9707vh43q22g6e,train
cl5rf7i8b1qya070ga4cq5pwu,train
cl3sqohl47ssm0786f81p2sj2,train
cl6twb2wy9dnl0822cq49ftne,train
cl5ctgsbc00b807vc9zqbaara,train
cl6unbo5k0qto071x9hm93oo1,train
cl44cxaxa066e08a91oqwgl0s,train
cl5765kp57ir307zu7js7h8b3,train
cl6tstqb6977h08221b2r464x,train
cl608ep8e87yj07wp120cczfk,train
cl2m2bpgzdjgc0z9ldfn9c1qs,train
cl6dy6n7712ur07rsgz1ycwwp,train
cl6wcchh4a8b607wk4llj32px,train
cl3wq3tq62mio07ak8yntchmz,train
cl477oseh09jn0768cmk5c2n1,train
cl2624wl501ie107b308t2hj9,train
cl4x0hqao0j8q07w327fz8tc0,train
cl3rlqxhfyvrf077qantb4js4,train
cl47bco570t5u079yauwy318k,train
cl4lgzb9sbh2k077m59wa9lvy,train
cl3ws32yb2oc6079rabulf8qa,train
cl490wwud1qoh077k9r4ycsh3,train
cl2ano73j0pwm108t0uznfx9c,train
cl62wj3mv4fov07zz9srfh39p,train
cl2osewx3012u0z9fbbffdbzf,train
cl6tvgh3p9izw072s0s7o806s,train
cl7f7o6251n27083b4a182jgp,train
cl42pwer4gl4g077i6valbiae,train
cl1thu85w44zy0zdfg2kbfq9e,train
cl4w0md5k44qf07zu56yy1obr,train
cl1ux5ukh0j5z0z81d5o23x77,train
cl7240czm4kgq07382itz3nrq,train
cl2kr1rqc06zv0z92418teic5,train
cl70w5y5i1hh007zp8k7yhtff,train
cl3rmfalsywmo077qbx92bjg2,train
cl7cdw8socjcp081kggpv9osh,train
cl79ioq0b1esw09y70s4qduee,train
cl4vwkbl601yd071kfofue4yl,train
cl606juv4wkzv071ab3p3cuo3,train
cl65j3oy80jpk07s93cxj7q9b,train
cl3srnwp87x9r07865cp99tcn,train
cl2os5vh600i70z9bgkiee4bx,train
cl4ixoz0x137a079i0yv0406n,train
cl6nyx30r13gp070vf6lp9xc4,train
cl7f7s1xf1p8i074cdjwl4u61,train
cl6tt9wt6980p08224phd9ic6,train
cl2520v8m04n70z8t3tkx2ncu,train
cl4a3ktqd804e078r3yz3hzlu,train
cl2raub8aaab807634zjs1xrq,train
cl72pzoi4ceb8083eeado1mmt,train
cl3k55wvtdvdw076u8wlfbvyh,train
cl66zbl4c0bku07zj8e9wc9aj,train
cl65gsaa807es07txdq0683qk,train
cl2aoekvb00b30z9x9znubhc0,train
cl4izyovj1ddh079me3hehxfd,train
cl768cp8k024g07ztfecg1rb1,train
cl6p70wdo01wa081wb6kkg57p,train
cl4vxzr013uo307zu28xa8dzp,train
cl2fx28p73fy10z8a5eiyf4jr,train
cl4pgcz5e06y9084x7vid8v13,train
cl5rewyx11p7s070g7yli3j4y,train
cl65i08y80djl07u82e1jf2xj,train
cl6o1k2qw1gao072o5tlvbkmx,train
cl3rpmvlixv39076mbogw8md3,train
cl4bfdfy0hm2k07bj01ro7tjy,train
cl49zslpa7p0y078r8nlebe6o,train
cl79jetl91kph07wmeaxogzcr,train
cl2kqws3n05ny0z9h2tq5dpt0,train
cl70thdib117s07xyhsx71z83,train
cl5zkmndjm13b071a36drgwcg,train
cl2m0xw0bbqwv0z9o1mowhifs,train
cl6tukj0m9isn072dfoc1d5o4,train
cl5zyou4nn42i07xp8uiv84fu,train
cl725bfgn4nz9073849m9b4v4,train
cl44eusco0deo078n9nueezkj,train
cl27yjwut63gf0z8988pj72if,train
cl490essg1ovc07b1hvlp5crf,train
cl608rsynx2xh07zpgc7q5zn5,train
cl670yh040hju07zj9r4mgjgo,train
cl6fagp9w0rl407xt3e2w3urt,train
cl4wu85jt1ybv07zphvv12m4q,train
cl4be9lp7hgd4087sa9ilebis,train
cl2raa05p06mo079agjruhkfp,train
cl4pe2xxq2yyx078p3axid399,train
cl74vz66m5bo6080gh5zmg0q6,train
cl4a3abab7igr077k7zb7chwj,train
cl2w8y84b0x1u079z3n2c21p4,train
cl2x9g8l7jkpj07aebddxhj47,train
cl1tei1pb41fn0zdfd92a28ui,train
cl7fa7m9p00e207zo1psr0xrl,train
cl79iwreq1h4h070e23c283xa,train
cl41i8v5l7o82075a99z580yi,train
cl74r51cd3vem083m1yy60qth,train
cl2x7t4ekfk7f07741y7d0zhy,train
cl4305qix04vj075bfz174wjo,train
cl6wb7e1hb68307um6ar97b0x,train
cl4ixyf33166o0894g5uh5s2q,train
cl4wx3l4407zm0728bxbl23xb,train
cl3wnwozj2agt079rhy2n2b8n,train
cl4vwgruu3vb407xs2xvsgeuq,train
cl2ouut7a07qh10a94qrygp72,train
cl29cc6of16wc0zc1244b8awv,train
cl6dypp7416yh07xc1c9idtfi,train
cl3rjj5yoyivl078f4hmfb0wu,train
cl41jtwnz7xzz074c2wbtgv8c,train
cl7ccfbhjd1m107zwe9c490p1,train
cl6710hq60hqz07y8592ohil3,train
cl4a2x1ka7kie079i56ao0gmt,train
cl2iq3had25cr0zb6cuyghk0y,train
cl6081fh1x2nz08ys49ssddl2,train
cl5b2i0ae0u1707wkbyjdhk0y,train
cl6bjg6m1gprf07ztdt9a9uvl,train
cl2x77m5u16i207cu6vtihhcb,train
cl65gyicq068d07rbbac598bw,train
cl576hj7870w8070e8tdl9j41,train
cl605siucwgci07zp9agnfkpc,train
cl6blomhpj8ye07zncoe01gjn,train
cl4w0zm484w6r070c8saed7fs,train
cl7695poa00wn07xfhp0f45az,train
cl4w04r5947d607xs07sd0s90,train
cl6tuuppk9f6p070qce2oatul,train
cl2g141oh2gmf0z7hfn0tfsza,train
cl2m2b8lkcdeo0zbobc6408bi,train
cl7dm1bwwb7gn0722417i1nbk,train
cl768n4g205dk081sattt3qg1,train
cl6049oal0pam07147rcb2ucx,train
cl2w5fnztgcxa07cu9x0bbhqu,train
cl1uyzv9l0s1j0z746ug4hi1o,train
cl3q173hpkh56073ga0kwdxip,train
cl4r8epy80iqh079g0wv8arlo,train
cl5rewy954bqf073sf14377v6,train
cl74vxaih3xu70709h5ay5mm5,train
cl2ou76ll069z0z942wfz7iue,train
cl4wzrbbs0edy07shg3yzflz6,train
cl5zmzwuqm9h507zpf6c25hh8,train
cl3rndbh3ynxx078f4pgp0mzy,train
cl4iyido9193k08943vwxcgbv,train
cl65fyipd01ky07u3b3mnblmo,train
cl2knpc0p00860z6h3nlw1ox4,train
cl608j4a9x3n0091m7z2zg6z7,train
cl606ifsqwwz307zrhtp491q6,train
cl4pd2c3og0b2075jg7v99wn4,train
cl79kgc7p2ip8070mbvvg6e7o,train
cl24w1xqj8f8d0za2bxb24qqi,train
cl2w8y4eugjj207cubr4v1b2u,train
cl6bixutedyu6071fexc09hik,train
cl63wfich3dzw08xg8070bzd9,train
cl6fd85c41b4z08y19my0eqmg,train
cl74s7t516949074446wc8b16,train
cl44bu9ej025w087jgpgw43k4,train
cl61mau9fbw6k07x03jvc7byk,train
cl2g0k1vg44r3109g7b20cvvf,train
cl42v1ql9g09a070xg28petg6,train
cl58box16cseu080lh71qd48x,train
cl431e3ehj3g0075gf01d4gzb,train
cl48xc72u19lh079i1s2y8uc8,train
cl3rnj4e1z2hr086gembvh6ri,train
cl5a33ldr90xb07z0b1rh5why,train
cl2oskzp400fm0z9m2pyrawo9,train
cl5zzi3sln99v07xp5vhj6424,train
cl6bjxhr3g0a2071f1r7pgxy4,train
cl74riy3v72eq070whku60a3c,train
cl4pf814e08bt0777bmp75ve3,train
cl70tb7he0q8o07y69ncw4k3h,train
cl2fwg76p3ffo109g0pdz7buc,train
cl7f5pw391cuz073ud11a6yks,train
cl608itki88oq07wp1ly8eve3,train
cl65h06if09vq07to18iuec33,train
cl1w4lw2i0vsu0z9sga9hfupw,train
cl4vynjdm0dbn07zs21utf8xo,train
cl604yaumuy7i071ad2u674cd,train
cl6v7dut20tpb07x9hgoy6af0,train
cl7cbijasd7am071bd33r17r0,train
cl63v65bl3b2707xh3c5k227h,train
cl58afr4o4a84081va21hazgf,train
cl2x7j0kjwb7h07bqc1xreg7n,train
cl2m2kx5lbsiv0z9oeodz1opj,train
cl4wtlyuc5p140705217sdsno,train
cl1uxzkia0nok0z851tzggoyi,train
cl3w0y43t037g087z9nzjbbpl,train
cl61nzeah0hf008z8fzgw65sv,train
cl41fl1q48can07442ffrch7d,train
cl2kog6ha01n10z6l55nkga37,train
cl4pfor2933f6084wf1en3o31,train
cl5774xyc4qee080t6u6fht6y,train
cl3rm4twwv44b073geantf8um,train
cl7f9jk141vyb074cbrw52vsl,train
cl3t3i9z93b45073t308tc76d,train
cl7cfokbmddo507wjagig4dgs,train
cl432lgx8j60c074c4qtib3kk,train
cl42v53a4179x074k53z81ojz,train
cl4r86tv70h1a079g1rivgbka,train
cl3rnj3tpyya6077qh1subrup,train
cl7f75s361mxy072i3ju314p4,train
cl70tvldk100y0801e7kj1h09,train
cl72r20tmcgbk083egoj8f171,train
cl608dta19ru508zi8st02k0t,train
cl5b2bfo30uk0070437htcc7z,train
cl3srjfyzefei086gf3d3dskl,train
cl4pfzhwb048k076vcqs3fhtm,train
cl44ct5g605f407a99nr13z1l,train
cl7dn03l9banp07223mgvh5g1,train
cl1tihag0477g0zamcgcj72um,train
cl47acs6v0od707b4a84f6s0w,train
cl6nz05sr12ry0733eipfctzd,train
cl3k4lbizduio07a3c0yxdbbj,train
cl6nyolsx10nf08xdffpsgcdj,train
cl61mln6qgh4307zp51it9e1f,train
cl6nzh1w413xw073d2aso5i1x,train
cl63vtnwv3a0y07y8empaa30d,train
cl4bfmdfhgenk0765hd821cjk,train
cl3wo3u0h0m2l07b10qindi2h,train
cl3q1t0u4l85r077q8gcra6dz,train
cl61lr4docgzm07184ak1d56c,train
cl7f5elj31dbj083b3xrb0rk9,train
cl2rd042g07z5077j010dbgqz,train
cl5zyc7y5ndwg091m19atgggl,train
cl49zx7zq7neb079o9nm765np,train
cl3rpnxf5v9s0073g8y8d85k6,train
cl479z70t0qlo088x1usdh1n3,train
cl3k5ai841zpe084z2wgvcwk6,train
cl74qkbqd6t7t070whled5mbr,train
cl5a29i8265wy0728c6k3cave,train
cl6fdnq7g1ed108y1f02shcqr,train
cl6nzhq4k15d908z74tz836cx,train
cl606x30v01lt07zc396s92k9,train
cl63vsqa739dz07vo7ke18gmc,train
cl6dy9ldj140m07xc3t57bxm7,train
cl4wsusvj04m307zm4im86mtd,train
cl74uzhww7z13071t7zb56zx3,train
cl1wepk140ej40z6r05aj919w,train
cl62vmys130wc07xt70nx3lce,train
cl4x0vx1i0ly807xxcf5yeenj,train
cl4ww4bk0025w08083gus4wqk,train
cl2kqfmtr04m50z9hhrmn9ayh,train
cl5zl4p9qlsqj07xp2xs9gqvd,train
cl58bpe5mlbq7070ebayj3cal,train
cl6dyxwwd17zg07rsf3wkhpfe,train
cl5cv1we20x2707xv6g4lc1r3,train
cl4lgrs6w99vv084sartl3g8d,train
cl4x0dpu80ilr07x41huu98is,train
cl4308zylhl31076khh30g5j6,train
cl57934zc53tg080t386d87iz,train
cl577qadu72xe07z15hf645cg,train
cl7fa95qt00j707zl7n7capxn,train
cl4w05eib47f307xsa1ml0kfd,train
cl62tqkfs3wr307x44kigbf3m,train
cl29cc67m186110dl5emr325s,train
cl58b7d9kmvkj07xj6wq3elzj,train
cl607x09284hq07wphk3t2m9o,train
cl490bfr51ofs077kfbhecv1s,train
cl65g0nok01u307u3bel31wq4,train
cl65jfh6q0mgl07ve4bpa1no6,train
cl6uonteodhwg080d2luq0prh,train
cl2lzvboxdh290z9l6wxldx00,train
cl6blgg8he5af080739pg0upc,train
cl44eb81t0c2508b5cuu7cfgr,train
cl7f882pm1qtv074chhhndlcy,train
cl61maytrgf0z07zp3ljibd93,train
cl4r8u95p0ln5079j378x9ywf,train
cl6706qhi0epw081s84i7fhpa,train
cl577j6y48rls07zh2qde3bjk,train
cl24t9ubx7zz40z8y6ssadv2f,train
cl44bwmgl027107bo04zm0daj,train
cl63ucfhw32g107y4a3wpap3p,train
cl4rb2zny10v8079g60yi9syj,train
cl3w33d1c08wt07ayd2wcgv2l,train
cl601quqdo82k0704c76j1odu,train
cl66zvrkh0dux071k4d1002oj,train
cl5zmpqxmmf5y070480zz8899,train
cl7267emz46cr082khbg0dau4,train
cl2m2tyh0c82910adewhof7tr,train
cl2kpvpiw03kx0z9h1xthenw6,train
cl7dnbgywlvnd07wj1tutgmz6,train
cl42p7u4wgwha075a253gaezt,train
cl4wxvww50dhj0715cnxceeum,train
cl3w15y160337076l84aqaq6f,train
cl3q0k7yqkyns074d0eke6m3y,train
cl606fnvgwk6r071adrya97nn,train
cl3w13u3w03nb076pghzqekjq,train
cl4908z8q2253079o6j8uf9fg,train
cl42qct7kgmoy077idxlcb8ws,train
cl4hl2qpr40fj075o9sj6gq2b,train
cl3w3jit709qw087mel8zf6c6,train
cl2lyznabb13m0zba9vuwfxj3,train
cl41k4ab85xvr072thzt34i86,train
cl2rd04p607z6077j38a904ar,train
cl3q5u3omlwk6078f911p4jcv,train
cl3w3sofm0anb087m6p282yni,train
cl65ix4m00itk07vic4be0utn,train
cl42wbh8ghjrh075a3vhr13dg,train
cl2anclsu0ig20zakezgcf92o,train
cl5zkmmv6m0td07zp6iq3acnk,train
cl3rmn5wosmyy07869rq45w9w,train
cl2fyww143st60z8n6x8g5fcn,train
cl4wuapy05tvd07051n325exq,train
cl5ctgrv30jph07wohzhk1ufd,train
cl6054tkruimw07xp3tgg8tzk,train
cl6fbxp7d129808y1gd4zchg5,train
cl48zgjqn1hs4079d4qla6ktn,train
cl579jfj693qu07zhcgy0bn13,train
cl5zod5qpmwvg08ys7ti98f19,train
cl250aktf8slo0z9egpmr4os1,train
cl7f6lmi01e4w071q66ame0rz,train
cl7gas48i8e7d0603024g2z8x,train
cl41fl2737tnc074cc3415jdn,train
cl5rg15q54i9a073s25agfw4q,train
cl3wqq2ad0q2108b0gbxociu7,train
cl74s1pxs2toe0709fm7n67sj,train
cl4bdxd8ahfop087s4z4da5ai,train
cl431shkhhpzn076k0ahfdi0m,train
cl1uzeuxs0tff104z2dmkeaor,train
cl6o05upz1ast073d2dyqa9z9,train
cl3t4kk4qgdc9086ghllc7nyd,train
cl7dj8igam6fr07ysh1mpcvy3,train
cl4a3z3ux7k9i07b16a4q5q7r,train
cl74vperl73dz07443tka80ky,train
cl41i2j9f7amn075u9soxcnyt,train
cl3rj3ppozg76074dbq01hue6,train
cl4w0vx8h4vmn070cc14vauf4,train
cl4beo62kitj7079o70k4fi2b,train
cl41h1vfe5ut8072tdut85ex5,train
cl769expx0a9e08ytfwa002kd,train
cl4773fls032w074m2utwdkk8,train
cl3w33cks08cj076p0j0z103p,train
cl5cvdc5f0zaj07wj4xo9ay35,train
cl65hrwag0e5n07to08a01xun,train
cl6tsjcgi9aoc070qb7tb1o1t,train
cl6tu1tga9hn1072d0hdb9q2h,train
cl2fwg5tz3ch610910wdw75n7,train
cl3wq3um62j73076p33d81uee,train
cl4limpss9kl4077y2oi90o6d,train
cl1tf6gx844yf0zcp0r843c96,train
cl63xg4lt3njb07qvf1va11gz,train
cl3womfut2iwc076qfo66frap,train
cl60810hdwv1c071a6w257dyc,train
cl65hxwbi0dk507wx44q698uq,train
cl3w0y3an02mm076lgz6b7t5z,train
cl44czig00609079ae81f7ia6,train
cl2krqvrg09bh0z9cdn932ruy,train
cl2oug9yv09ig0z4s9q93ahw9,train
cl3w1q06v05cq087m4yrl28yd,train
cl3w1i3ct04uo07ay5dfw4b9j,train
cl3ssv6o486ut073gfuvpgjvl,train
cl2505v7k8wgb0z7q2ee3dzoc,train
cl41hr1mk5vgf072t6oh9cyhr,train
cl7g7hb6u5utb07xgafg42ehn,train
cl2xa0nh1fm1i07746g04egnk,train
cl41n4fae60yj072tfdnzhpfj,train
cl7cbiivgcxam07y6f56jes3s,train
cl2fzag9c3to90z7b3pcv8sgx,train
cl4iznoth1cfp08945m9q8un7,train
cl600ua9lmm9z07zrb7mb9290,train
cl4a3esvf7lk0079iei55h36h,train
cl61ne0xda5ac071ahmpuhp0f,train
cl58az512mgyn07zu1ls89nbr,train
cl4rbc2ko142w07apawam6249,train
cl72oslm69jwa081i0of5gmrm,train
cl6nzobpn18sg07zac0t8caiq,train
cl670gzfh0fhs071g3br7cpsh,train
cl6uooki50tll08zf42hc4y9i,train
cl3sprlege6lf086ghqoy3ra4,train
cl604vnzxur4907zr0d4j64ve,train
cl6biko0nabip07y84toy2i6w,train
cl5zyvyaym8bw07zrbd9y625k,train
cl42z1uq0htc3075a0rpv7lqa,train
cl602xd4bre1o08ysf9b0gzz2,train
cl1tf2y0c498o0zbi29hl1832,train
cl72ra7ldcgl1083ea92f9exm,train
cl2iq3hsy23g40zar4k62euyv,train
cl4917uma26aw079oa2i1cun0,train
cl5a6h18v0n5607xngoisdx7p,train
cl66x4fwv03og07xx7bl62t2e,train
cl7f8juw42s5z07396pkhad1h,train
cl6biqmu1d5be071fhu4efq7c,train
cl2fycin63na90z7bhn3tas7o,train
cl48zlx5g1vno07bjgrs23q4o,train
cl6078zyywx8b08ys7lv7h7io,train
cl5b13mqq0plf07w6cj2g2j4w,train
cl2kqszd807550z6h2wvndo7j,train
cl48xutxo1mwv079ohqu29heo,train
cl4a2e7zn7erf079dgwelbai9,train
cl6701x110el207xx6zsfezqs,train
cl3t3iagk3b46073t7zqu1zhw,train
cl3rj3q78yia9078f36hwbyxe,train
cl70sbn0f0no908y970il587r,train
cl3k4d57i0mlz077qh7jcbtrq,train
cl58biiq56pte07zl7ddpc9h9,train
cl298j3hv0mtk10avabll3gws,train
cl6twkk2q9lcf072s0svpdk63,train
cl3t48ywu3t6f073gfb9m1gyj,train
cl47a6kai0t79088xcnjxahfj,train
cl6dz7c5916wz07wvexle9ssb,train
cl41m41iu6rxa077i74ve05c4,train
cl3pzhm14lxed086ghldm9eh0,train
cl4li4voe9jjd077y87c4527k,train
cl7g7shjt2jh5070l6r5f7qzt,train
cl62wjzsq4j550712dzppceod,train
cl6p7lynw59l70753e4f91fjt,train
cl5zoq1e3mmp40704hacb82g8,train
cl1uz572d0si00z8i7l33guhf,train
cl3wq5x5g2k4n087zak2a9zlt,train
cl768wyls02wv070x9gft35gu,train
cl3q5c2vqjs2w073ghoqc9zgc,train
cl6tsjcvy9cy4072s738v83eg,train
cl1w2r07k3eid0zdr6yk3f6ns,train
cl4a4jf4f7ndn0798ha0oen2t,train
cl4bf91hrhrhk07b18p1wa3ab,train
cl74rw9xnrjsk08zmad9x3krz,train
cl4r7cvfa0d7d074j1qykdyx5,train
cl65hm0070b3i07u82m5781je,train
cl3q5nmc8mk2q086gcxaa9qk1,train
cl2g10r8k2g9f0z7hhbyi2u4o,train
cl3w3dc2v08w1076q99j61hmp,train
cl4vx696c3s2307zubgqgdafu,train
cl7ce9xtcc2zh07089lh262lr,train
cl3srjgjlcf8e076m5ems9mq9,train
cl61ks4997gba070qfmot40sp,train
cl2w6d714f4jh07ce0thpfcls,train
cl605datgvzr2071ah6s72sb9,train
cl5zll1cxmale0704cdtk31zf,train
cl4vwelp13q7007zuax9efd31,train
cl61ljebx10hk07whf14xa4j4,train
cl6ahwiqz11kc07w72hjmaqp5,train
cl6bk0xe6ff6y07xd5f700s7t,train
cl79lsiw9081v07wwft8560vi,train
cl4wxggvi0a6807285xe5hfn4,train
cl7cee5zmc5x108xn70b8gbwq,train
cl41mfih96sb9070x64gj8lgu,train
cl61o3gs9cygv0718biqu2ftf,train
cl767ig6dfvc4073bgpfi9x56,train
cl7dli8s0may907ys405o5hat,train
cl41kn2536qgw077i38b2ak5g,train
cl60731mewppn07zpb0h24vdw,train
cl70un6t41c2o08wh2f0sae2y,train
cl41h71zv79sa075u8vjz33p1,train
cl2ra258vbthy07990ezp0hen,train
cl41jzhyj6q0g070xeb4bd2wk,train
cl3sszysuem1c086gaocxcygn,train
cl27yjxb961hw0z53ghi90tna,train
cl41l54w07bzd075ggyffdmx9,train
cl2apj4za04vg0ze65o4can7f,train
cl4j08rv31ew9084yhp3c19ja,train
cl62tfcqj3t0307xjetmidfax,train
cl6wclhew0qxf08ua59cy56nt,train
cl4hhe19k10sy077x3y5rgxfk,train
cl29aj8mz0yrc10dl3ig18e0g,train
cl44ddkn7083507bo0uzhdswz,train
cl61kjs0senpp07zpgl1e18ur,train
cl7f5w5vq1fpa083bbifwdbdx,train
cl2w98kmufa2107ce7yau8cly,train
cl65fecpb28pz070x0wrm0v3r,train
cl5798fip829w07zu61gt3act,train
cl48xhi5217i0087s8dvx7lu7,train
cl4wwbaq203qd07yqdl68hwr8,train
cl79k3vq61lwp07wkeukademu,train
cl44cayrl02h6078n2w7xc0uo,train
cl4hip3ui3coc074r2097gfto,train
cl2ousg6407lc10a9ac888r9j,train
cl24vp1wb8c550z8y8sf10q7p,train
cl58aimjp04n00801d4icg7h6,train
cl4wzfctu0bsx07w33p8od0fs,train
cl42wtgmt1cqb074k01ep0eyh,train
cl5rhl2pe27ap070g2n2te54c,train
cl2fytui93phn0z7k329kgp4r,train
cl6p9nxiw4osv0725ccyj07ss,train
cl79iaenz1r7607zy3rbe0t76,train
cl4322v8lhpgw077i5e1sfi2j,train
cl3k3bthi01pb086hgqo62s17,train
cl1tha2oq4azj10epeb9s8jeo,train
cl6bkvnzxef8g07ww84b6d43j,train
cl6tw64fq9kg4072s4fhi2aco,train
cl6p7roma75nl07yi81c62d4l,train
cl7cbw3txc0ao08xn3b3qbjjj,train
cl6bkvycdbr8d07z93ulvgsuf,train
cl6703kk10eo607xpco5m5sv2,train
cl7garw8u6g5n07xgarl2dx47,train
cl6tw3do89d8h08227wyu36y9,train
cl607j7ri81xr07wp07lr8n3m,train
cl2alpa6l0aj00z9g80g67je3,train
cl41myk1u6ste077ierfrhug8,train
cl4wvpvar26ec07zp29x01dwa,train
cl4x07kbq0hm207wk7ego9ukw,train
cl79j7aez1h4q09y721a700gz,train
cl7g8d14v5wdi07ylb3ukd8ug,train
cl79l1gic1sno07x044lkbd53,train
cl70vnxtx0jiw07y6ezf47iub,train
cl2w5ev92013w078dbk6bh0h0,train
cl4pd2clx2gnv084w6om5gn7p,train
cl3wsfj9k103407b16ulchdlc,train
cl2os5wmq00ls0zaxe7k64xt1,train
cl65gmi6u067j07wxdy0e73wq,train
cl4r9nhkv0tq7077kcah8h3qj,train
cl41j1tsl5wo0072tgvg7f9k3,train
cl725smo448z9070ja5y56zne,train
cl3q1kx2lkihp073gem9p7nzk,train
cl7cf6zqnc7je08xn6kzl0ks8,train
cl49yor7d7lci078raurfcair,train
cl2krk81607ql109fby6j8dpp,train
cl48wvonn17ur07b1c07catr7,train
cl1uw4ssi09vy0z4s7hpd3tjt,train
cl1uw2ftx0bhq104zdnjp0x1g,train
cl2kpv02i05930z6hhskncdk9,train
cl2m0hi93cbot0zbo191l2ngm,train
cl61lhfmrg2js091m96hr2xos,train
cl70sreq70ren08019ong17re,train
cl6o1iaav1gat08xd4ji96mox,train
cl1w2jfpc3bxm0zf13vc2gd8j,train
cl1uz8x3q0rpx0z656q16dlrz,train
cl4a4fzlk7lfg07b1hwzm1asp,train
cl3k27z8l06ky076a68go21u0,train
cl42w4fiag4g8070x2tl34sf8,train
cl4wxqrrc0c73081agmxth6nc,train
cl6nz4zmr122g073dalma28c3,train
cl4a4ckg47jbr079d51aa2irp,train
cl2w8fr1hatpv07741rnb1uid,train
cl5zoki1wmxsk08ysc0i3gqlt,train
cl61nue2p00lv07zp6knqgg0f,train
cl2m1fsaabnkj0z9m3ykm4716,val
cl6fbibhs0ymt07xzcjzv6djc,val
cl7dmzk9wmjvo08y9ga0gc3z8,val
cl1w4f2j417uj0zd0erme7yhe,val
cl72osl6qag0x07380k1x9gb5,val
cl1thr11h47zo0zcw0jui2s5z,val
cl4x03rpb0gm507vp39l49kbq,val
cl2knpcj2007m0z92f45k4ztr,val
cl2g1jfh847eh0z7b7qxugbhj,val
cl62vddgi48ko071rb74g65ik,val
cl1uy1y100muu0z65gm9b724m,val
cl4wvduqk5wb707xm8ijufjfa,val
cl7g8ldcm5nk4070ffpum6xe7,val
cl5zygmedl9p007y02ry0h6i7,val
cl42zir9o02v3075b2b0pc5kd,val
cl41iiaq37of1075a7wtg8j4t,val
cl42qis9egnk1076k4u1o8qw2,val
cl42ogk3200d7073x8s846vpy,val
cl5a6i9ud0q4907zjhmwx3d2t,val
cl5rhrb614sfu083p3zlc8mm7,val
cl4hhu9sj135m0892cutk9ncw,val
cl4ixs6vw13il079if2uw47eh,val
cl4bcylxags02077kbfr2giez,val
cl41j46p37x31074ch85eelep,val
cl74u4tog4hoo083m2ip57jvs,val
cl3ss09ej2j71073500n671ws,val
cl6fc1hba11ss07xzge1i2zfh,val
cl768timd04gg07xxdtul8l2f,val
cl63xh0aw3npt07qv4v1n8lic,val
cl4a377wk7fst07650kghhe2h,val
cl3rmcm1tv4by073g78do1b1m,val
cl5zkpwaxm1fj071a2yyhdjmb,val
cl47a8cyg0maq07ayf0hq6bhx,val
cl2amb34w0bwi0zakdvpc8bd7,val
cl7cer1jed41t07y61tuvh4d0,val
cl48wvp2p15uk07657dy6fyhx,val
cl24w7y6e8iwp0z7qffxya7kv,val
cl3q5c2drkw7t073gdzwmguzd,val
cl2amr09m0ksx10b662aj8tkd,val
cl42ot5sz021u08606nb87otq,val
cl6bkti8wj1zl07znhn1l1o20,val
cl2otuob704kt0z629021ga6g,val
cl2or72ek00za0z9u4712fu39,val
cl2lyzmrxawp50z9e8i0u4vcm,val
cl7f79vq8190u084fajsacb1g,val
cl6bkfam5iylj07zndnzqaez6,val
cl61l1h7nf439091md77l10a2,val
cl2w7za9x0v3w079zbcg2dcb8,val
cl48xkan01lyz079o0qoebjnm,val
cl2ko7ok6016m1097hftr499u,val
cl6o2fets1kjm08xd0sqz74wg,val
cl3k3w5yf1wxp079gedqx3p7f,val
cl4bej9rnhk6v07bj09ep381x,val
cl5zo9qpomwf908ys47drcs29,val
cl264lx3c33yt0zau21ieebf9,val
cl5a57t8r0f2107zj36hl12wq,val
cl2kotgwr01fo0z6l36vvhofk,val
cl1w3iyro3iyf0zdrdmrcd64m,val
cl2ored2m01e20z9cd74kbtfp,val
cl1tgdtua45hh0zamdlvmepj7,val
cl3w1xb36067f07aydeiz1xu0,val
cl3k1lps8dktt07a34soa9dfa,val
cl4x0t0t70l5v07w309bpfwtk,val
cl5znroicmisw0704d2r4d83a,val
cl4lfhgv291lf077w08fa32lv,val
cl252e7ye04mo0zc0fm722h79,val
cl5cv5bjs0wvj07zv2temeor0,val
cl5rgxaca4g26073c0cn8hzyp,val
cl4peqblf00up073u9guu68dk,val
cl4pe6lu903vv084rac45du7p,val
cl2rd7lko08rd07ave2c37crm,val
cl602rmfgnxwd07y0awu17scx,val
cl478rvad0g9b0768fpr4htt7,val
cl42r2qdx01zs0755e9ik0moz,val
cl65irlot0ja407ve2iduer2h,val
cl70wcnsg1crl07zudh6ydr33,val
cl61nnhjb8hq007z36kev8n62,val
cl6dxde210wx307xu6f3ldeqf,val
cl4vz97gb0ep307y9h9hz9usz,val
cl3k4rjjv1ztm079g10t0fzly,val
cl72rhz5icgta083e5zjz3ch9,val
cl7dibr0omb1807yr6ymtgshj,test
cl2x8jv4vwc2907bq7vv24xit,test
cl29aj8720z1g0zbm9bcw4keu,test
cl5zm312mlwl107xp34a46y8f,test
cl6ahwj791cby07y44u1o13uy,test
cl5znsy3umix007049ish9j2a,test
cl2krn8kp00c40zbiddom8ba8,test
cl605vybo498v0714amwq44zw,test
cl6bjo8vieq9607xd33x8e5za,test
cl4wxuhiu0d3z0715a3390ce1,test
cl48ydrdr1p6u07bje7ewc7s3,test
cl2m0q3azdhtx0z7rh42t0kcp,test
cl607nscl9lnv08zic3p68v2j,test
cl24tlj5v868y0z7qarkg5rz4,test
cl72sgdtwb3x8073w6htg9i1k,test
cl61lyo4q10iv07td5edj2oak,test
cl5a29io665x007283t3228m1,test
cl79iaf761e7x07ywa1xv3c17,test
cl4lfhgeo9koi086v61pi8ijf,test
cl605cp8tvms207zpcnfobmk3,test
cl2x94gdyfl7x07741s8eewtv,test
cl6bj5bxmdega07xdevfedwlx,test
cl5a3ysmb02lp07z8bdkw917x,test
cl5rfru3u4mit072m3r1ggsk9,test
cl7g812xq7vlv07x4fywc8ck5,test
cl5zlorgum56n071a6mi61kn6,test
cl5zngk34k8rq07y01klv0nb2,test
cl7cd978tcv4f07ys4x7m5qll,test
cl251q3ji04wo0zau0kx94g5y,test
cl2ralaty13g2079bhw0n0vjy,test
cl6wbiggb0v7307u698mff79m,test
cl4wsymdp5lmm0810c1su6czb,test
cl1w2jg5o26rr10ex1bp05p1a,test
cl61kxy2zdsoj08036ddn2snf,test
cl3pzhldtl1fq077qa8jo0jxe,test
cl6ttmqb69gw9072ddu1e4pp2,test
cl3rk2zd9zhoc074d5bn50puq,test
cl72qwkkcb10f073w8f6r3ied,test
cl3ssjhc680w1078678zjhovv,test
cl4wtwrkg5pwb071f51oh0sgm,test
cl41gtsik8doz07440h3lc40m,test
cl4lfsrp69v9x0763103t8n6w,test
cl477vsvu09y9076jeseafbk3,test
cl3k5exj8dxso07a30rgtat98,test
cl3k57agi21hd079g32771mgm,test
cl24t9uyt826a10885u7te3mj,test
cl42odizl002t073xhk364k5o,test
cl4hldvvb362p087bb9trff5u,test
cl3wqq2q52oja07ak1sdihcxp,test
cl72pz08jbie508zmhpjn4jpj,test
cl49y5z0t70i107650hvteenf,test
cl600suixnt4x071a0i4vdppd,test
cl2oqy04me6ru0z870ifzdb2h,test
cl6dyru4916wh07rs3xkzcthm,test
cl4hl703y2p9t0767gbf3gx9m,test
cl3w3wrk70agh076qgbf66hdy,test
cl42rh1dz017w07577f1k55w0,test
cl42zqs2wiygz075gc2f18s5n,test
cl72rxwuscen7083v8kq9budu,test
cl3k3is6q1vk0079g4h9z9o2r,test
cl600bdldlmi707y04rvr3iqd,test
cl4lhk4tk96k1089n8t2dekrj,test
cl61luixjbsr507x03lns5xj9,test
cl4vyi2uk4lm1070c5t8bczp0,test
cl41mr2pt6sm2077i1odaesbl,test
cl7f6t9tv1jz50706320g5od6,test
cl4x12scp0mq107vpeshxga5u,test
cl2m0gg3qay1w0z9eb4hrg52f,test
cl1w5ehvq3s8j0zbi9wgi5d69,test
cl3k1lq9wcnlu08867abnhqnf,test
cl430ql69hy05075a5rf97me8,test
cl3wotv3c01z807920lzlf66z,test
cl7f5el2w1dec0706b11l9kha,test
cl430hp5vj0m2075g9ay0hidb,test
cl2w89s67f7yv07cecq6uagtf,test
cl2xa0s7l18sg07cu43xa38wf,test
cl44d95jw06my07az4wfa1fcj,test
cl62vkeh445a707158ur7hji4,test
cl6biuz75cwka07xd88unh1fz,test
cl609bydl8fpz07wp39a0ebzq,test
cl478drbd0e4x076dchn22esj,test
cl41gxgl16otp087q0py18or8,test
cl3sqoh0o7ssk07862r7q1bjh,test
